Workbook

Sheet Defect Log
A1: Airline Reservation System - Defect Report
A2: Use this log only for defects actually observed during execution. Do not record design-level scenarios as real defects.
A4: Defect ID | B4: Date Logged | C4: Module | D4: Requirement ID | E4: Test Case ID | F4: Defect Title | G4: Environment | H4: Build / URL | I4: Preconditions | J4: Steps to Reproduce | K4: Test Data | L4: Expected Result | M4: Actual Result | N4: Severity | O4: Priority | P4: Status | Q4: Reproducibility | R4: Evidence / Screenshot | S4: Assigned To | T4: Resolution / Comments | U4: Retest Status | V4: Closed Date
A5: DEF-FS-001 | B5: 46273 | C5: Flight Search | D5: REQ-FS-002 | E5: TC-FS_002 | F5: Same origin and destination are accepted during flight search | G5: Frontend URL | H5: https://phptravels.net | I5: Give origin and destination as same = DEL | J5: Open the Flights search page. Select DEL as Departure From. Select DEL as Arrival To. Select valid travel dates and passenger details. Click Search. | K5: Departure and Arrival = DEL, Date = 8/9/2026 | L5: The system should prevent the search when origin and destination are the same and display an appropriate validation message. | M5: The system accepts DEL as both origin and destination and navigates to the results page showing 0 flights. | N5: Medium | O5: Medium | P5: New | Q5: Always | R5: TC_FS_002_same_origin_destination.jpg | S5: Pragya Kapil
A6: DEF-PAX-001 | B6: 46275 | C6: Passenger | D6: REQ-PAX-002 | E6: TC_PAX_003 | F6: Passenger name is silently truncated on invoice after accepting excessively long input | G6: Frontend URL | H6: https://phptravels.net | I6: User has selected a valid flight/fare and reached the passenger details page. Booking flow is available and the passenger name field accepts text input. | J6: Search and select a valid flight. Proceed to the passenger details page. Enter an excessively long passenger name in the passenger name field. Fill all other mandatory passenger details with valid data. Observe that no validation message is displayed and the Book/Continue option remains enabled. Click Book/Continue. Proceed to the invoice/booking confirmation page. Observe the passenger name displayed on the invoice. | K6: Give a very long First name - Pragyaffffffffffffffffffffffffffffffggggggggggggggggggggggggggghhhhhhhhhhhhhhhhmmmmmmmmmmmmmmmhhhhh | L6: The system should enforce the supported passenger-name length at the point of data entry. If the entered value exceeds the allowed limit, it should either prevent additional input or display a clear validation message and prevent the user from continuing until the value is corrected. The passenger name should not be silently altered after booking. | M6: The passenger name field accepted an excessively long value without displaying any validation or character-limit indication. The Book/Continue option remained enabled. After booking, the passenger name was silently truncated on the invoice. | N6: Medium | O6: High | P6: New | Q6: Always | R6: TC_PAX_003_long_name_accepted.jpg DEF_PAX_001_name_truncated_on_invoice.jpg | S6: Pragya Kapil
A7: DEF-PAX-002 | B7: 46275 | C7: Passenger | D7: REQ-PAX-003 | E7: TC_PAX_005 | F7: Flight search returns zero results when a Child passenger is added despite flights being available for Adult-only search | G7: Frontend URL | H7: https://phptravels.net | I7: Valid DEL → DXB route is available. Economy class selected. A future travel date is selected. | J7: Search DEL → DXB for a future date with 1 Adult only. Observe available flights. Keep the same route, date and cabin class. Add 1 Child while retaining 1 Adult. Search again. Observe the search results. | K7: DEL → DXB, One Way, Economy, 16-Sep-2026; Run 1: 1 Adult; Run 2: 1 Adult + 1 Child (Age 8) | L7: The system should return flights that support the selected Adult + Child combination. If child bookings are unsupported for the route/supplier, the system should display a clear explanatory message rather than simply returning zero flights. | M7: Adult-only search returned available flights (90 flights on Sep 16). When 1 Child was added for the same route, date and cabin class, the system returned 0 flights with only a generic “No flights found” message | N7: Medium | O7: High | P7: New | Q7: Always | R7: DEF_PAX_003_adult_only_90_flights_sep16.jpg DEF_PAX_003_adult_child_zero_flights_sep16.jpg | S7: Pragya Kapil
A8: DEF-PAY-001 | B8: 46275 | C8: Payment | D8: REQ-PAY-001 | E8: TC_PAY_001 | F8: Booking proceeds to payment gateway with amount exceeding configured transaction limit | G8: Frontend URL | H8: https://phptravels.net | I8: A valid flight booking has been created and the booking has reached the invoice/payment stage. | J8: Search and select a valid flight. Enter valid passenger details. Complete the booking flow and reach the invoice. Observe the total payable amount. Select Credit Card (Stripe) as the payment gateway. Click Make Payment. Click Proceed to Payment. Observe the payment gateway response. | K8: Valid flight booking | Payment Gateway: Credit Card (Stripe - Test Mode) | Total Amount: USD 104,410.75 | L8: The application should ensure that the selected payment gateway supports the booking amount before redirecting the user for payment. If the amount exceeds the gateway limit, the user should be informed before payment initiation or an alternative supported payment method should be provided. | M8: The booking proceeded successfully to the payment gateway with a total payable amount of USD 104,410.75. However, the test payment gateway rejected the transaction because the charge amount exceeded the configured maximum limit of USD 5,000. Therefore, successful payment could not be completed for this booking. | N8: High | O8: High | P8: Closed | Q8: Once | R8: DEF_PAY_001_invoice_amount_104410_75.png DEF_PAY_001_proceed_to_payment.png DEF_PAY_001_gateway_limit_exceeded.png | S8: Pragya Kapil | T8: Retest Observation: On a subsequent payment attempt for the same invoice, the transaction completed successfully through Stripe Sandbox despite the same booking amount of USD 104,410.75. Booking status changed to Confirmed and Payment Status to Paid. The earlier gateway-limit failure therefore appears inconsistent/intermittent and requires investigation into payment routing or gateway behavior. | U8: Passed | V8: 46276
A9: DEF-CAN-001 | B9: 46276 | C9: Cancellation | D9: REQ-CAN-001 | E9: TC_CAN_001 | F9: Cancellation request cannot be completed for confirmed paid booking because PNR is not issued and Sabre API returns invalid JSON response | G9: Admin Panel | H9: https://phptravels.net/login | I9: A flight booking exists with: Booking Status = Confirmed Payment Status = Paid A cancellation request has been submitted by the user Booking is available in the Admin portal for cancellation processing | J9: Create or retrieve confirmed flight booking 80882104. Verify that the booking status is Confirmed and payment status is Paid. From the customer/invoice page, click Request Cancellation. Verify that the booking shows Cancellation Requested in the Admin booking list. Open booking 80882104 from the Admin portal. Attempt to process the cancellation request. Observe the booking action section and PNR status. | K9: Booking Reference: 80882104 | Supplier: Sabre | Booking Status: Confirmed | Payment Status: Paid | L9: The cancellation request should be processed according to the applicable booking/cancellation rules. The system should either successfully cancel/void the eligible booking or provide a controlled business response explaining why cancellation cannot be completed. Supplier/API failures should be handled gracefully and should not leave the cancellation request stuck without a recovery path. | M9: The cancellation request was successfully submitted and the Admin booking list displayed Cancellation Requested. However, when the booking was opened for processing, the system displayed “Booking Issue Error: Invalid JSON response from Sabre API.” The PNR Number remained Not Issued, and the cancellation/void actions were unavailable. The booking remained Confirmed and Paid, preventing the cancellation request from being completed. | N9: High | O9: High | P9: New | Q9: Always | R9: DEF_CAN_001_cancellation_requested_booking_80882104.png DEF_CAN_001_sabre_api_error_pnr_not_issued.png | S9: Pragya Kapil

Sheet Summary
A1: Airline Manual QA - Defect Summary
A3: Metric | B3: Count | D3: Module | E3: Defects | F3: Critical/High
A4: Total Defects | B4: =COUNTA('Defect Log'!A5:A34) -> 5 | D4: Flight Search | E4: =COUNTIF('Defect Log'!C5:C34,D4) -> 1 | F4: =COUNTIFS('Defect Log'!C5:C34,D4,'Defect Log'!N5:N34,"Critical")+COUNTIFS('Defect Log'!C5:C34,D4,'Defect Log'!N5:N34,"High") -> 0
A5: Open / Active | B5: =COUNTIF('Defect Log'!P5:P34,"New")+COUNTIF('Defect Log'!P5:P34,"Open")+COUNTIF('Defect Log'!P5:P34,"In Progress")+COUNTIF('Defect Log'!P5:P34,"Ready for Retest")+COUNTIF('Defect Log'!P5:P34,"Reopened") -> 4 | D5: Fare | E5: =COUNTIF('Defect Log'!C5:C34,D5) -> 0 | F5: =COUNTIFS('Defect Log'!C5:C34,D5,'Defect Log'!N5:N34,"Critical")+COUNTIFS('Defect Log'!C5:C34,D5,'Defect Log'!N5:N34,"High") -> 0
A6: Critical | B6: =COUNTIF('Defect Log'!N5:N34,"Critical") -> 0 | D6: Passenger | E6: =COUNTIF('Defect Log'!C5:C34,D6) -> 2 | F6: =COUNTIFS('Defect Log'!C5:C34,D6,'Defect Log'!N5:N34,"Critical")+COUNTIFS('Defect Log'!C5:C34,D6,'Defect Log'!N5:N34,"High") -> 0
A7: High | B7: =COUNTIF('Defect Log'!N5:N34,"High") -> 2 | D7: Payment | E7: =COUNTIF('Defect Log'!C5:C34,D7) -> 1 | F7: =COUNTIFS('Defect Log'!C5:C34,D7,'Defect Log'!N5:N34,"Critical")+COUNTIFS('Defect Log'!C5:C34,D7,'Defect Log'!N5:N34,"High") -> 1
A8: Medium | B8: =COUNTIF('Defect Log'!N5:N34,"Medium") -> 3 | D8: Booking / PNR | E8: =COUNTIF('Defect Log'!C5:C34,D8) -> 0 | F8: =COUNTIFS('Defect Log'!C5:C34,D8,'Defect Log'!N5:N34,"Critical")+COUNTIFS('Defect Log'!C5:C34,D8,'Defect Log'!N5:N34,"High") -> 0
A9: Low | B9: =COUNTIF('Defect Log'!N5:N34,"Low") -> 0 | D9: Cancellation | E9: =COUNTIF('Defect Log'!C5:C34,D9) -> 1 | F9: =COUNTIFS('Defect Log'!C5:C34,D9,'Defect Log'!N5:N34,"Critical")+COUNTIFS('Defect Log'!C5:C34,D9,'Defect Log'!N5:N34,"High") -> 1
A10: Closed | B10: =COUNTIF('Defect Log'!P5:P34,"Closed") -> 1 | D10: Refund | E10: =COUNTIF('Defect Log'!C5:C34,D10) -> 0 | F10: =COUNTIFS('Defect Log'!C5:C34,D10,'Defect Log'!N5:N34,"Critical")+COUNTIFS('Defect Log'!C5:C34,D10,'Defect Log'!N5:N34,"High") -> 0
D11: End-to-End | E11: =COUNTIF('Defect Log'!C5:C34,D11) -> 0 | F11: =COUNTIFS('Defect Log'!C5:C34,D11,'Defect Log'!N5:N34,"Critical")+COUNTIFS('Defect Log'!C5:C34,D11,'Defect Log'!N5:N34,"High") -> 0

Sheet Lists
A1: Defect Reporting Guidance
A3: Field | B3: Meaning | C3: Example / Reminder
A4: Severity | B4: Impact of defect | C4: Payment charged but no booking = High; widespread financial duplication may be Critical
A5: Priority | B5: Urgency to fix | C5: Business-critical flow defects usually High priority
A6: Status | B6: Current defect lifecycle state | C6: New -> Open -> Fixed -> Ready for Retest -> Closed
A7: Reproducibility | B7: How consistently the issue occurs | C7: Always / Intermittent / Once / Cannot Reproduce
A8: Expected Result | B8: What the system should do | C8: Must be based on requirement/observed valid business rule
A9: Actual Result | B9: What actually happened | C9: Be specific and observable; avoid 'not working'
A10: Evidence | B10: Proof of issue | C10: Screenshot/video, timestamp, request/transaction ID where relevant
A11: Retest Status | B11: Outcome after developer fix | C11: Passed = exact defect no longer reproduces
A12: Rule | B12: Portfolio integrity | C12: Do not invent defects. Log only issues actually observed during execution.
