Workbook

Sheet RTM
A1: Requirement ID | B1: Module | C1: Requirement Summary | D1: Scenario ID(s) | E1: Test Case ID(s) | F1: Coverage Status | G1: Execution Status | H1: Defect ID(s) | I1: Notes
A2: REQ-FS-001 | B2: Flight Search | C2: Allow flight search using valid mandatory criteria | D2: TS_FS_001 | E2: TC_FS_001 | F2: Covered | G2: Passed | I2: TC_FS_001 passed.
A3: REQ-FS-002 | B3: Flight Search | C3: Origin and destination are mandatory and cannot be the same | D3: TS_FS_002, TS_FS_005 | E3: TC_FS_002, TC_FS_005 | F3: Covered | G3: Failed | H3: DEF-FS-001 | I3: TC_FS_002 failed; TC_FS_005 passed. Same-origin/destination validation defect remains open/recorded.
A4: REQ-FS-003 | B4: Flight Search | C4: Departure date cannot be earlier than current date | D4: TS_FS_003 | E4: TC_FS_003 | F4: Covered | G4: Passed | I4: TC_FS_003 passed.
A5: REQ-FS-004 | B5: Flight Search | C5: Passenger validation including infant/adult rule | D5: TS_FS_004 | E5: TC_FS_004 | F5: Covered | G5: Passed | I5: TC_FS_004 passed.
A6: REQ-FS-005 | B6: Flight Search | C6: Search results must match selected criteria | D6: TS_FS_006, TS_FS_007, TS_FS_008 | E6: TC_FS_006, TC_FS_007, TC_FS_008 | F6: Covered | G6: Passed | I6: TC_FS_006, TC_FS_007 and TC_FS_008 passed.
A7: REQ-FARE-001 | B7: Fare | C7: Display applicable fare for selected flight | D7: TS_FARE_001 | E7: TC_FARE_001 | F7: Covered | G7: Passed | I7: TC_FARE_001 passed.
A8: REQ-FARE-002 | B8: Fare | C8: Calculate total fare using applicable components | D8: TS_FARE_002 | E8: TC_FARE_002 | F8: Covered | G8: Passed | I8: TC_FARE_002 passed.
A9: REQ-FARE-003 | B9: Fare | C9: Recalculate fare when passenger count/type changes | D9: TS_FARE_003, TS_FARE_004 | E9: TC_FARE_003 | F9: Covered | G9: Passed | I9: TC_FARE_003 passed. Type-change coverage remains scenario-level unless supported by SUT.
A10: REQ-FARE-004 | B10: Fare | C10: Maintain fare consistency or communicate fare change | D10: TS_FARE_005, TS_FARE_007 | E10: TC_FARE_004, TC_FARE_005, TC_E2E_003 | F10: Covered | G10: Passed | I10: TC_FARE_004, TC_FARE_005 and TC_E2E_003 passed.
A11: REQ-PAX-001 | B11: Passenger | C11: Capture mandatory passenger information | D11: TS_PAX_001, TS_PAX_002 | E11: TC_PAX_001, TC_PAX_002 | F11: Covered | G11: Passed | I11: TC_PAX_001 and TC_PAX_002 passed.
A12: REQ-PAX-002 | B12: Passenger | C12: Validate passenger details based on field rules | D12: TS_PAX_003, TS_PAX_006, TS_PAX_008 | E12: TC_PAX_003 | F12: Partial | G12: Failed | H12: DEF-PAX-001 | I12: TC_PAX_003 failed: excessive passenger name was accepted and later silently truncated. Other field rules remain scenario-level.
A13: REQ-PAX-003 | B13: Passenger | C13: Handle supported passenger categories correctly | D13: TS_PAX_005 | E13: TC_PAX_005 | F13: Covered | G13: Failed | H13: DEF-PAX-002 | I13: TC_PAX_005 failed for supported passenger-category handling.
A14: REQ-PAX-004 | B14: Passenger | C14: Handle duplicate passenger information appropriately | D14: TS_PAX_004 | E14: TC_PAX_004 | F14: Covered | G14: Passed | I14: TC_PAX_004 passed.
A15: REQ-PAY-001 | B15: Payment | C15: Complete payment using supported payment method | D15: TS_PAY_001 | E15: TC_PAY_001 | F15: Covered | G15: Passed | H15: DEF-PAY-001 | I15: TC_PAY_001 passed on Stripe Sandbox retest. Earlier gateway-limit error was not reproduced and remains documented under DEF-PAY-001 for investigation.
A16: REQ-PAY-002 | B16: Payment | C16: Failed payment must not create paid booking | D16: TS_PAY_002 | E16: TC_PAY_002 | F16: Covered | G16: Passed | I16: TC_PAY_002 passed: unsuccessful/cancelled payment did not create a paid booking.
A17: REQ-PAY-003 | B17: Payment | C17: Prevent duplicate payment/booking on repeated submission | D17: TS_PAY_003, TS_PAY_004 | E17: TC_PAY_003, TC_PAY_004 | F17: Covered | G17: Passed | I17: TC_PAY_003 and TC_PAY_004 passed at UI/booking-record validation level; no duplicate charge or booking observed.
A18: REQ-PAY-004 | B18: Payment | C18: Handle payment timeout safely | D18: TS_PAY_005, TS_PAY_010, TS_E2E_003 | E18: TC_PAY_005, TC_E2E_002 | F18: Covered | G18: Blocked | I18: TC_PAY_005 and TC_E2E_002 blocked because a deterministic payment timeout could not be safely reproduced in the demo environment.
A19: REQ-PAY-005 | B19: Payment | C19: Charged amount must match final payable amount | D19: TS_PAY_006 | E19: TC_PAY_006 | F19: Covered | G19: Passed | I19: TC_PAY_006 passed: Stripe transaction amount matched the final payable booking amount. RTM keeps TC_PAY_007 cross-mapped under REQ-PNR-005.
A20: REQ-PNR-001 | B20: Booking / PNR | C20: Successful booking creates valid booking record | D20: TS_PNR_001 | E20: TC_PNR_001 | F20: Covered | G20: Passed | I20: TC_PNR_001 passed: a confirmed booking record/reference was created.
A21: REQ-PNR-002 | B21: Booking / PNR | C21: Successful booking generates non-null/non-empty PNR | D21: TS_PNR_002 | E21: TC_PNR_002, TC_E2E_001 | F21: Covered | G21: Not Executed | I21: TC_PNR_002 was not executed as a dedicated PNR-generation validation. TC_E2E_001 passed for the booking flow, but supplier PNR generation was not independently confirmed.
A22: REQ-PNR-003 | B22: Booking / PNR | C22: Booking stores correct passenger, itinerary, fare and payment data | D22: TS_PNR_003, TS_PNR_004, TS_PNR_005, TS_PNR_006 | E22: TC_PNR_003, TC_PNR_004, TC_PNR_005 | F22: Partial | G22: Passed | I22: TC_PNR_003, TC_PNR_004 and TC_PNR_005 passed. Payment-status validation remains scenario-level until a dedicated case is added.
A23: REQ-PNR-004 | B23: Booking / PNR | C23: Retrieve booking using supported booking reference/PNR | D23: TS_PNR_007 | E23: TC_PNR_006 | F23: Covered | G23: Passed | I23: TC_PNR_006 passed: booking 80882104 was retrieved through Admin Manage Bookings and matched the expected reservation.
A24: REQ-PNR-005 | B24: Booking / PNR | C24: Safely recover when payment succeeds but booking/PNR generation fails | D24: TS_PNR_010, TS_PAY_009, TS_E2E_002 | E24: TC_PAY_007 | F24: Covered | G24: Not Executed | I24: TC_PAY_007 retained as a design-level integration scenario. RTM maps it cross-functionally here; the Test Cases sheet lists REQ-PAY-005.
A25: REQ-CAN-001 | B25: Cancellation | C25: Eligible confirmed booking supports cancellation | D25: TS_CAN_001, TS_CAN_003 | E25: TC_CAN_001, TC_CAN_003 | F25: Covered | G25: Failed | H25: DEF-CAN-001 | I25: TC_CAN_001 failed because cancellation could not complete after a Sabre API/PNR issuance error; TC_CAN_003 passed for an ineligible already-cancelled booking.
A26: REQ-CAN-002 | B26: Cancellation | C26: Booking status updates after successful cancellation | D26: TS_CAN_002 | E26: TC_CAN_002 | F26: Covered | G26: Blocked | H26: DEF-CAN-001 | I26: TC_CAN_002 blocked because the preceding cancellation could not be completed due to DEF-CAN-001.
A27: REQ-REF-001 | B27: Refund | C27: Eligible cancelled booking initiates refund and correct amount is calculated | D27: TS_REF_001, TS_REF_002 | E27: TC_REF_001, TC_REF_002 | F27: Covered | G27: Blocked | I27: TC_REF_001 blocked by unavailable prerequisite test data; TC_REF_002 passed for refundable amount validation.
A28: REQ-REF-002 | B28: Refund | C28: Maintain appropriate refund status throughout processing | D28: TS_REF_003, TS_REF_004, TS_REF_005, TS_REF_006 | F28: Gap | G28: Not Executed | I28: No dedicated detailed refund-status test case exists. Add one before project freeze.

Sheet Coverage Summary
A1: Airline Manual QA - RTM Coverage Summary | H1: Requirement Execution Summary
A3: Metric | B3: Value | D3: Module | E3: Requirements | F3: Covered/Partial | H3: Execution Status | I3: Count
A4: Total Requirements | B4: =COUNTA(RTM!A2:A28) -> 27 | D4: Flight Search | E4: =COUNTIF(RTM!B2:B28,D4) -> 5 | F4: =COUNTIFS(RTM!B2:B28,D4,RTM!F2:F28,"<>Gap") -> 5 | H4: Passed | I4: =COUNTIF(RTM!$G$2:$G$28,H4) -> 17
A5: Covered | B5: =COUNTIF(RTM!F2:F28,"Covered") -> 24 | D5: Fare | E5: =COUNTIF(RTM!B2:B28,D5) -> 4 | F5: =COUNTIFS(RTM!B2:B28,D5,RTM!F2:F28,"<>Gap") -> 4 | H5: Failed | I5: =COUNTIF(RTM!$G$2:$G$28,H5) -> 4
A6: Partial | B6: =COUNTIF(RTM!F2:F28,"Partial") -> 2 | D6: Passenger | E6: =COUNTIF(RTM!B2:B28,D6) -> 4 | F6: =COUNTIFS(RTM!B2:B28,D6,RTM!F2:F28,"<>Gap") -> 4 | H6: Blocked | I6: =COUNTIF(RTM!$G$2:$G$28,H6) -> 3
A7: Gap | B7: =COUNTIF(RTM!F2:F28,"Gap") -> 1 | D7: Payment | E7: =COUNTIF(RTM!B2:B28,D7) -> 5 | F7: =COUNTIFS(RTM!B2:B28,D7,RTM!F2:F28,"<>Gap") -> 5 | H7: Not Executed | I7: =COUNTIF(RTM!$G$2:$G$28,H7) -> 3
A8: Coverage % (Covered + Partial) | B8: =(B5+B6)/B4 -> 0.96296296 | D8: Booking / PNR | E8: =COUNTIF(RTM!B2:B28,D8) -> 5 | F8: =COUNTIFS(RTM!B2:B28,D8,RTM!F2:F28,"<>Gap") -> 5
D9: Cancellation | E9: =COUNTIF(RTM!B2:B28,D9) -> 2 | F9: =COUNTIFS(RTM!B2:B28,D9,RTM!F2:F28,"<>Gap") -> 2 | H9: Attempted % | I9: =(I4+I5+I6)/COUNTIF(RTM!$A$2:$A$28,"<>") -> 0.88888889
D10: Refund | E10: =COUNTIF(RTM!B2:B28,D10) -> 2 | F10: =COUNTIFS(RTM!B2:B28,D10,RTM!F2:F28,"<>Gap") -> 1
